,PubMed,Clinical case studies
KNN (10),0.169491525,0.569230769
KNN (20),0.237288136,0.646153846
4o (10),0.344827586,0.28125
4o (20),0.327586207,0.21875
Claude (10),0.362068966,0.1875
Claude (20),0.465517241,0.171875